{
  "linear_probe_val_acc": 0.7287598944591029,
  "tinycnn_val_acc": 0.30554089709762533,
  "num_classes": 31,
  "train_size": 9313,
  "val_size": 3790,
  "tinycnn_macro_f1": 0.2473221596608103,
  "tinycnn_f1_per_class": {
    "Adposhel": 0.8338192419825073,
    "Agent": 0.0,
    "Allaple": 0.0,
    "Alueron.gen!J": 0.08118081180811809,
    "Amonetize": 0.0,
    "Androm": 0.8794788273615636,
    "Autorun": 0.010471204188481674,
    "BrowseFox": 0.23091976516634052,
    "C2LOP.gen!g": 0.4166666666666667,
    "Dialplatform.B": 0.0,
    "Dinwod": 0.4682926829268292,
    "Elex": 0.024242424242424242,
    "Expiro": 0.02564102564102564,
    "Fakerean": 0.396039603960396,
    "Fasong": 0.3465346534653465,
    "HackKMS": 0.0,
    "Hlux": 0.0,
    "Injector": 0.0,
    "InstallCore": 0.7526881720430109,
    "Lolyda.AA1": 0.0,
    "Lolyda.AA2": 0.2192982456140351,
    "MultiPlug": 0.12195121951219512,
    "Neoreklami": 0.826923076923077,
    "Neshta": 0.0,
    "Regrun": 0.16422287390029322,
    "Sality": 0.020338983050847456,
    "Snarasite": 0.0,
    "Stantinko": 0.0,
    "VBA": 0.974025974025974,
    "VBKrypt": 0.0,
    "Vilsel": 0.8742514970059879
  },
  "linear_probe_macro_f1": 0.6991559988218109
}