epoch,train_loss,train_acc,val_loss,val_acc
0,3.24660389492236,0.0841833995490175,2.8970685107097776,0.18364116094986807
1,2.655808041690436,0.2334371308923011,2.5537329676912455,0.2854881266490765
2,2.4071678136071673,0.2974336948351766,2.392333756273214,0.2598944591029024
