epoch,train_loss,train_acc,val_loss,val_acc,secs,tau,entw
0,0.662452824809786,0.563942875550306,2.5269242880526823,0.43113456464379946,152.8947947025299,0.5,0.03
