epoch,train_loss,train_acc,val_loss,val_acc,secs
18,1.9106766944360134,0.5280790293138623,3.2903097762910547,0.10923482849604221,156.24667811393738
