epoch,train_loss,train_acc,val_loss,val_acc,secs
0,1.438039964192359,0.6686352410608827,,0.7451187335092349,154.61578226089478
