epoch,train_loss,train_acc,val_loss,val_acc,secs
18,1.9106766944360134,0.5280790293138623,3.2903097762910547,0.10923482849604221,156.24667811393738
19,0.6098851493256671,0.4952217330613121,3.0791870909819186,0.3817941952506596,155.07160019874573
20,0.6039026007800254,0.5528830666809835,2.89725822911728,0.47598944591029024,155.02826309204102
21,0.657689179281511,0.5381724471169334,2.749345101026872,0.5430079155672823,155.2592658996582
