epoch,train_loss,train_acc,val_loss,val_acc,secs,tau,entw
0,0.662452824809786,0.563942875550306,2.5269242880526823,0.43113456464379946,152.8947947025299,0.5,0.03
1,0.674849931860692,0.5519166756147321,2.646526306474429,0.36728232189973614,152.3525002002716,0.5545454545454546,0.02727272727272727
2,0.6115284760963721,0.5210995382798239,2.631408359381643,0.3696569920844327,152.06293892860413,0.6090909090909091,0.024545454545454544
