epoch,train_loss,train_acc,val_loss,val_acc,secs,tau,entw
0,0.662452824809786,0.563942875550306,2.5269242880526823,0.43113456464379946,152.8947947025299,0.5,0.03
1,0.674849931860692,0.5519166756147321,2.646526306474429,0.36728232189973614,152.3525002002716,0.5545454545454546,0.02727272727272727
2,0.6115284760963721,0.5210995382798239,2.631408359381643,0.3696569920844327,152.06293892860413,0.6090909090909091,0.024545454545454544
3,0.6280187362376799,0.5613658327069687,2.4265486744903324,0.4258575197889182,152.18574786186218,0.6636363636363636,0.021818181818181816
4,0.6036509557427236,0.48469880811768495,2.490661153566869,0.42216358839050133,152.13596987724304,0.7181818181818183,0.01909090909090909
5,0.7122032508217251,0.5599699345001611,2.4776680609167094,0.42480211081794195,152.34885358810425,0.7727272727272727,0.01636363636363636
6,0.6439543383264598,0.48287340277032104,2.5321912681207177,0.4229551451187335,152.220689535141,0.8272727272727273,0.013636363636363637
