epoch,train_loss,train_acc,val_loss,val_acc,secs
0,1.438039964192359,0.6686352410608827,,0.7451187335092349,154.61578226089478
1,0.26392606540459973,0.9346075378503168,0.41974173850161184,0.9021108179419525,153.2760615348816
2,0.16869679698495568,0.9543648663159024,0.48722985193605156,0.8678100263852243,153.56090021133423
3,0.4101901707966167,0.8950928809191453,2.760704560393079,0.3796833773087071,157.79593634605408
4,0.2313825497114734,0.9383657253301836,3.393764812273212,0.24300791556728232,157.12975549697876
5,0.21957122656196423,0.9420165360249114,4.6001265815348615,0.23192612137203167,156.72321152687073
