epoch,train_loss,train_acc,val_loss,val_acc,secs
0,1.438039964192359,0.6686352410608827,,0.7451187335092349,154.61578226089478
1,0.26392606540459973,0.9346075378503168,0.41974173850161184,0.9021108179419525,153.2760615348816
