epoch,train_loss,train_acc,val_loss,val_acc
0,1.5730201312294363,0.6862586137008513,3.8964184285435306,0.1081929774479018
1,1.1355325091837096,0.8241791649777057,3.8502787241008734,0.1213245789323437
